시도명,시군구명_NEW,시군구명,읍면동명,리명
경상남도,,,,
경상남도,창원시,창원시,,
경상남도,창원시,창원시의창구,,
경상남도,창원시,창원시의창구,동읍,
경상남도,창원시,창원시의창구,북면,
경상남도,창원시,창원시의창구,대산면,
경상남도,창원시,창원시의창구,의창동,
경상남도,창원시,창원시의창구,팔룡동,
경상남도,창원시,창원시의창구,명곡동,
경상남도,창원시,창원시의창구,봉림동,
경상남도,창원시,창원시성산구,,
경상남도,창원시,창원시성산구,반송동,
경상남도,창원시,창원시성산구,중앙동,
경상남도,창원시,창원시성산구,용지동,
경상남도,창원시,창원시성산구,상남동,
경상남도,창원시,창원시성산구,사파동,
경상남도,창원시,창원시성산구,가음정동,
경상남도,창원시,창원시성산구,성주동,
경상남도,창원시,창원시성산구,웅남동,
경상남도,창원시,창원시마산합포구,,
경상남도,창원시,창원시마산합포구,구산면,
경상남도,창원시,창원시마산합포구,진동면,
경상남도,창원시,창원시마산합포구,진북면,
경상남도,창원시,창원시마산합포구,진전면,
경상남도,창원시,창원시마산합포구,현동,
경상남도,창원시,창원시마산합포구,가포동,
경상남도,창원시,창원시마산합포구,월영동,
경상남도,창원시,창원시마산합포구,문화동,
경상남도,창원시,창원시마산합포구,반월중앙동,
경상남도,창원시,창원시마산합포구,완월동,
경상남도,창원시,창원시마산합포구,자산동,
경상남도,창원시,창원시마산합포구,오동동,
경상남도,창원시,창원시마산합포구,교방동,
경상남도,창원시,창원시마산합포구,합포동,
경상남도,창원시,창원시마산합포구,산호동,
경상남도,창원시,창원시마산회원구,,
경상남도,창원시,창원시마산회원구,내서읍,
경상남도,창원시,창원시마산회원구,회원1동,
경상남도,창원시,창원시마산회원구,회원2동,
경상남도,창원시,창원시마산회원구,석전동,
경상남도,창원시,창원시마산회원구,회성동,
경상남도,창원시,창원시마산회원구,양덕1동,
경상남도,창원시,창원시마산회원구,양덕2동,
경상남도,창원시,창원시마산회원구,합성1동,
경상남도,창원시,창원시마산회원구,합성2동,
경상남도,창원시,창원시마산회원구,구암1동,
경상남도,창원시,창원시마산회원구,구암2동,
경상남도,창원시,창원시마산회원구,봉암동,
경상남도,창원시,창원시진해구,,
경상남도,창원시,창원시진해구,충무동,
경상남도,창원시,창원시진해구,여좌동,
경상남도,창원시,창원시진해구,태백동,
경상남도,창원시,창원시진해구,경화동,
경상남도,창원시,창원시진해구,병암동,
경상남도,창원시,창원시진해구,석동,
경상남도,창원시,창원시진해구,이동,
경상남도,창원시,창원시진해구,자은동,
경상남도,창원시,창원시진해구,덕산동,
경상남도,창원시,창원시진해구,풍호동,
경상남도,창원시,창원시진해구,웅천동,
경상남도,창원시,창원시진해구,웅동1동,
경상남도,창원시,창원시진해구,웅동2동,
경상남도,진주시,진주시,,
경상남도,진주시,진주시,문산읍,
경상남도,진주시,진주시,내동면,
경상남도,진주시,진주시,정촌면,
경상남도,진주시,진주시,금곡면,
경상남도,진주시,진주시,진성면,
경상남도,진주시,진주시,일반성면,
경상남도,진주시,진주시,이반성면,
경상남도,진주시,진주시,사봉면,
경상남도,진주시,진주시,지수면,
경상남도,진주시,진주시,대곡면,
경상남도,진주시,진주시,금산면,
경상남도,진주시,진주시,집현면,
경상남도,진주시,진주시,미천면,
경상남도,진주시,진주시,명석면,
경상남도,진주시,진주시,대평면,
경상남도,진주시,진주시,수곡면,
경상남도,진주시,진주시,천전동,
경상남도,진주시,진주시,성북동,
경상남도,진주시,진주시,중앙동,
경상남도,진주시,진주시,상봉동,
경상남도,진주시,진주시,상대동,
경상남도,진주시,진주시,하대동,
경상남도,진주시,진주시,상평동,
경상남도,진주시,진주시,초장동,
경상남도,진주시,진주시,평거동,
경상남도,진주시,진주시,신안동,
경상남도,진주시,진주시,이현동,
경상남도,진주시,진주시,판문동,
경상남도,진주시,진주시,가호동,
경상남도,진주시,진주시,충무공동,
경상남도,통영시,통영시,,
경상남도,통영시,통영시,산양읍,
경상남도,통영시,통영시,용남면,
경상남도,통영시,통영시,도산면,
경상남도,통영시,통영시,광도면,
경상남도,통영시,통영시,욕지면,
경상남도,통영시,통영시,한산면,
경상남도,통영시,통영시,사량면,
경상남도,통영시,통영시,도천동,
경상남도,통영시,통영시,명정동,
경상남도,통영시,통영시,중앙동,
경상남도,통영시,통영시,정량동,
경상남도,통영시,통영시,북신동,
경상남도,통영시,통영시,무전동,
경상남도,통영시,통영시,미수동,
경상남도,통영시,통영시,봉평동,
경상남도,사천시,사천시,,
경상남도,사천시,사천시,사천읍,
경상남도,사천시,사천시,정동면,
경상남도,사천시,사천시,사남면,
경상남도,사천시,사천시,용현면,
경상남도,사천시,사천시,축동면,
경상남도,사천시,사천시,곤양면,
경상남도,사천시,사천시,곤명면,
경상남도,사천시,사천시,서포면,
경상남도,사천시,사천시,동서동,
경상남도,사천시,사천시,선구동,
경상남도,사천시,사천시,동서금동,
경상남도,사천시,사천시,벌용동,
경상남도,사천시,사천시,향촌동,
경상남도,사천시,사천시,남양동,
경상남도,김해시,김해시,,
경상남도,김해시,김해시,진영읍,
경상남도,김해시,김해시,주촌면,
경상남도,김해시,김해시,진례면,
경상남도,김해시,김해시,한림면,
경상남도,김해시,김해시,생림면,
경상남도,김해시,김해시,상동면,
경상남도,김해시,김해시,대동면,
경상남도,김해시,김해시,동상동,
경상남도,김해시,김해시,회현동,
경상남도,김해시,김해시,부원동,
경상남도,김해시,김해시,내외동,
경상남도,김해시,김해시,북부동,
경상남도,김해시,김해시,칠산서부동,
경상남도,김해시,김해시,활천동,
경상남도,김해시,김해시,삼안동,
경상남도,김해시,김해시,불암동,
경상남도,김해시,김해시,장유1동,
경상남도,김해시,김해시,장유2동,
경상남도,김해시,김해시,장유3동,
경상남도,밀양시,밀양시,,
경상남도,밀양시,밀양시,삼랑진읍,
경상남도,밀양시,밀양시,하남읍,
경상남도,밀양시,밀양시,부북면,
경상남도,밀양시,밀양시,상동면,
경상남도,밀양시,밀양시,산외면,
경상남도,밀양시,밀양시,산내면,
경상남도,밀양시,밀양시,단장면,
경상남도,밀양시,밀양시,상남면,
경상남도,밀양시,밀양시,초동면,
경상남도,밀양시,밀양시,무안면,
경상남도,밀양시,밀양시,청도면,
경상남도,밀양시,밀양시,내일동,
경상남도,밀양시,밀양시,내이동,
경상남도,밀양시,밀양시,교동,
경상남도,밀양시,밀양시,삼문동,
경상남도,밀양시,밀양시,가곡동,
경상남도,거제시,거제시,,
경상남도,거제시,거제시,일운면,
경상남도,거제시,거제시,동부면,
경상남도,거제시,거제시,남부면,
경상남도,거제시,거제시,거제면,
경상남도,거제시,거제시,둔덕면,
경상남도,거제시,거제시,사등면,
경상남도,거제시,거제시,연초면,
경상남도,거제시,거제시,하청면,
경상남도,거제시,거제시,장목면,
경상남도,거제시,거제시,장승포동,
경상남도,거제시,거제시,능포동,
경상남도,거제시,거제시,아주동,
경상남도,거제시,거제시,옥포1동,
경상남도,거제시,거제시,옥포2동,
경상남도,거제시,거제시,장평동,
경상남도,거제시,거제시,고현동,
경상남도,거제시,거제시,상문동,
경상남도,거제시,거제시,수양동,
경상남도,양산시,양산시,,
경상남도,양산시,양산시,물금읍,
경상남도,양산시,양산시,동면,
경상남도,양산시,양산시,원동면,
경상남도,양산시,양산시,상북면,
경상남도,양산시,양산시,하북면,
경상남도,양산시,양산시,중앙동,
경상남도,양산시,양산시,양주동,
경상남도,양산시,양산시,삼성동,
경상남도,양산시,양산시,강서동,
경상남도,양산시,양산시,서창동,
경상남도,양산시,양산시,소주동,
경상남도,양산시,양산시,평산동,
경상남도,양산시,양산시,덕계동,
경상남도,의령군,의령군,,
경상남도,의령군,의령군,의령읍,
경상남도,의령군,의령군,가례면,
경상남도,의령군,의령군,칠곡면,
경상남도,의령군,의령군,대의면,
경상남도,의령군,의령군,화정면,
경상남도,의령군,의령군,용덕면,
경상남도,의령군,의령군,정곡면,
경상남도,의령군,의령군,지정면,
경상남도,의령군,의령군,낙서면,
경상남도,의령군,의령군,부림면,
경상남도,의령군,의령군,봉수면,
경상남도,의령군,의령군,궁류면,
경상남도,의령군,의령군,유곡면,
경상남도,함안군,함안군,,
경상남도,함안군,함안군,가야읍,
경상남도,함안군,함안군,칠원읍,
경상남도,함안군,함안군,함안면,
경상남도,함안군,함안군,군북면,
경상남도,함안군,함안군,법수면,
경상남도,함안군,함안군,대산면,
경상남도,함안군,함안군,칠서면,
경상남도,함안군,함안군,칠북면,
경상남도,함안군,함안군,산인면,
경상남도,함안군,함안군,여항면,
경상남도,창녕군,창녕군,,
경상남도,창녕군,창녕군,창녕읍,
경상남도,창녕군,창녕군,남지읍,
경상남도,창녕군,창녕군,고암면,
경상남도,창녕군,창녕군,성산면,
경상남도,창녕군,창녕군,대합면,
경상남도,창녕군,창녕군,이방면,
경상남도,창녕군,창녕군,유어면,
경상남도,창녕군,창녕군,대지면,
경상남도,창녕군,창녕군,계성면,
경상남도,창녕군,창녕군,영산면,
경상남도,창녕군,창녕군,장마면,
경상남도,창녕군,창녕군,도천면,
경상남도,창녕군,창녕군,길곡면,
경상남도,창녕군,창녕군,부곡면,
경상남도,고성군,고성군,,
경상남도,고성군,고성군,고성읍,
경상남도,고성군,고성군,삼산면,
경상남도,고성군,고성군,하일면,
경상남도,고성군,고성군,하이면,
경상남도,고성군,고성군,상리면,
경상남도,고성군,고성군,대가면,
경상남도,고성군,고성군,영현면,
경상남도,고성군,고성군,영오면,
경상남도,고성군,고성군,개천면,
경상남도,고성군,고성군,구만면,
경상남도,고성군,고성군,회화면,
경상남도,고성군,고성군,마암면,
경상남도,고성군,고성군,동해면,
경상남도,고성군,고성군,거류면,
경상남도,남해군,남해군,,
경상남도,남해군,남해군,남해읍,
경상남도,남해군,남해군,이동면,
경상남도,남해군,남해군,상주면,
경상남도,남해군,남해군,삼동면,
경상남도,남해군,남해군,미조면,
경상남도,남해군,남해군,남면,
경상남도,남해군,남해군,서면,
경상남도,남해군,남해군,고현면,
경상남도,남해군,남해군,설천면,
경상남도,남해군,남해군,창선면,
경상남도,하동군,하동군,,
경상남도,하동군,하동군,하동읍,
경상남도,하동군,하동군,화개면,
경상남도,하동군,하동군,악양면,
경상남도,하동군,하동군,적량면,
경상남도,하동군,하동군,횡천면,
경상남도,하동군,하동군,고전면,
경상남도,하동군,하동군,금남면,
경상남도,하동군,하동군,금성면,
경상남도,하동군,하동군,진교면,
경상남도,하동군,하동군,양보면,
경상남도,하동군,하동군,북천면,
경상남도,하동군,하동군,청암면,
경상남도,하동군,하동군,옥종면,
경상남도,산청군,산청군,,
경상남도,산청군,산청군,산청읍,
경상남도,산청군,산청군,차황면,
경상남도,산청군,산청군,오부면,
경상남도,산청군,산청군,생초면,
경상남도,산청군,산청군,금서면,
경상남도,산청군,산청군,삼장면,
경상남도,산청군,산청군,시천면,
경상남도,산청군,산청군,단성면,
경상남도,산청군,산청군,신안면,
경상남도,산청군,산청군,생비량면,
경상남도,산청군,산청군,신등면,
경상남도,함양군,함양군,,
경상남도,함양군,함양군,함양읍,
경상남도,함양군,함양군,마천면,
경상남도,함양군,함양군,휴천면,
경상남도,함양군,함양군,유림면,
경상남도,함양군,함양군,수동면,
경상남도,함양군,함양군,지곡면,
경상남도,함양군,함양군,안의면,
경상남도,함양군,함양군,서하면,
경상남도,함양군,함양군,서상면,
경상남도,함양군,함양군,백전면,
경상남도,함양군,함양군,병곡면,
경상남도,거창군,거창군,,
경상남도,거창군,거창군,거창읍,
경상남도,거창군,거창군,주상면,
경상남도,거창군,거창군,웅양면,
경상남도,거창군,거창군,고제면,
경상남도,거창군,거창군,북상면,
경상남도,거창군,거창군,위천면,
경상남도,거창군,거창군,마리면,
경상남도,거창군,거창군,남상면,
경상남도,거창군,거창군,남하면,
경상남도,거창군,거창군,신원면,
경상남도,거창군,거창군,가조면,
경상남도,거창군,거창군,가북면,
경상남도,합천군,합천군,,
경상남도,합천군,합천군,합천읍,
경상남도,합천군,합천군,봉산면,
경상남도,합천군,합천군,묘산면,
경상남도,합천군,합천군,가야면,
경상남도,합천군,합천군,야로면,
경상남도,합천군,합천군,율곡면,
경상남도,합천군,합천군,초계면,
경상남도,합천군,합천군,쌍책면,
경상남도,합천군,합천군,덕곡면,
경상남도,합천군,합천군,청덕면,
경상남도,합천군,합천군,적중면,
경상남도,합천군,합천군,대양면,
경상남도,합천군,합천군,쌍백면,
경상남도,합천군,합천군,삼가면,
경상남도,합천군,합천군,가회면,
경상남도,합천군,합천군,대병면,
경상남도,합천군,합천군,용주면,
 